{"cameraMode":{"drawMode":0,"name":"Shaded","section":"Shading Mode"},"sceneLighting":true,"audioPlay":false,"sceneViewState":{"m_AlwaysRefresh":false,"showFog":true,"showSkybox":true,"showFlares":true,"showImageEffects":true,"showParticleSystems":true,"showVisualEffectGraphs":true,"m_FxEnabled":true},"in2DMode":false,"pivot":{"x":82.78530883789063,"y":2.563725233078003,"z":77.41458892822266},"rotation":{"x":-0.0035489259753376247,"y":-0.996674656867981,"z":-0.04996251314878464,"w":0.06615956127643585},"size":0.6743386387825012,"orthographic":false}